Keywords,Date
"Skittles banned California, World Mental Health Day 2023, Did anyone win the Powerball",2023-10-10
"Mary Lou Retton illness, Skittles banned California, Kraken",2023-10-11
"Chiefs, Powerball winner, Denver Broncos",2023-10-12
"Bruce Willis, Kansas City, Lincoln",2023-10-13
"Solar eclipse 2023, Colorado football, Bruce Willis",2023-10-14
"Ravens vs Titans, Derrick Henry, Jeff Landry",2023-10-15
"Suzanne Somers death, 49ers, Giants vs Bills",2023-10-16
"Jim Jordan, Desert, Trevor May",2023-10-17
"Dallas Cowboys, Jim Jordan, Justin Timberlake",2023-10-18
"Sidney Powell, Saints, Trevor Lawrence",2023-10-19
"Australia vs Pakistan, Gwen Stefani, Bruins",2023-10-20
"UFC, Penn State football, Arsenal",2023-10-21
"Chiefs, Bad Bunny, New Zealand vs India",2023-10-22
"Pakistan vs Afghanistan, Javelina, Champions League",2023-10-23
"Tom Emmer, Jenna Ellis, Kelce and Swift",2023-10-24
